Congressional District,Two-Digit District,Average Household Size,% Housing Units That Are Mobile Homes,% Housing Units Built in 2005 or Later,% Housing Units Built in 1939 or Earlier,% Homes Heated Principally With Gas,% Homes Heated Principally With Electricity,"% Homes Heated Principally with Fuel Oil, Kerosene, Etc."
Alabama 1,AL-01,2.49,11.9,4.5,4.5,37,62.1,0.1
Alabama 2,AL-02,2.52,17,3.9,6.2,34.1,64.6,0.2
Alabama 3,AL-03,2.42,18.6,5.3,7.4,41,56.3,0.3
Alabama 4,AL-04,2.54,19.9,2.6,7.2,39.4,57.3,0.7
Alabama 5,AL-05,2.47,10.4,5.9,4.8,33.9,64.3,0.6
Alabama 6,AL-06,2.57,11.9,5.8,5,51.4,47.4,0.2
Alabama 7,AL-07,2.5,10.9,2.7,10.1,56,42.8,0.2
Alaska At Large,AK-00,2.8,4.6,3.5,2.1,51,9.2,33.1
Arizona 1,AZ-01,2.66,19.7,6.6,3.7,58,26.9,0.3
Arizona 2,AZ-02,2.81,9.9,9.9,0.5,36.7,61.3,0.1
Arizona 3,AZ-03,2.72,3.7,4.4,0.5,31.3,68.1,0
Arizona 4,AZ-04,3.58,4.3,7.8,3.7,28.3,70.6,0
Arizona 5,AZ-05,2.51,2.4,2,0.4,N,N,N
Arizona 6,AZ-06,2.87,14.4,8.5,0.4,29.4,69.9,0.1
Arizona 7,AZ-07,3.06,20.1,9.4,3,46.2,49.7,0
Arizona 8,AZ-08,2.46,8.5,6.2,2.1,63.7,35.2,0.1
Arkansas 1,AR-01,2.42,13.4,3.1,5.9,53.6,40.6,0.2
Arkansas 2,AR-02,2.41,10.7,5.8,5.1,55.3,41.9,0
Arkansas 3,AR-03,2.65,8.4,6.3,5.5,53,39.8,0.3
Arkansas 4,AR-04,2.47,17.2,2.7,7,49.2,45.7,0.1
California 1,CA-01,2.58,10.7,3.6,8.6,63.6,21.2,3.5
California 2,CA-02,2.61,11.4,4.8,7.5,55.6,26.9,3.8
California 3,CA-03,2.76,2.9,5.1,2.6,67.9,28.1,0.1
California 4,CA-04,2.57,5.6,4.7,5.4,64.3,19.7,2.3
California 5,CA-05,2.63,2.4,4.2,9.1,59.8,39,0
California 6,CA-06,2.45,3.5,2.4,10.8,74,21.1,0.2
California 7,CA-07,2.89,2.9,2.7,6.8,76.5,21.5,0
California 8,CA-08,2.4,0.1,1.1,54.2,62.8,32.4,0.2
California 9,CA-09,2.53,0.5,1.3,35.4,75.2,22.4,0.1
California 10,CA-10,2.75,1.6,3.4,2.7,73.7,24.2,0.3
California 11,CA-11,3.04,2.7,5.7,3.8,71.9,26,0
California 12,CA-12,2.75,0.6,0.7,14,74.4,24.3,0.1
California 13,CA-13,3.04,2.4,1.7,7.1,74.9,23.8,0
California 14,CA-14,2.64,3,2,7.5,72.5,23.8,0.3
California 15,CA-15,2.87,1.4,2.1,2.9,69.3,29.1,0
California 16,CA-16,3.28,4.5,3.3,8.4,68.1,30,0.2
California 17,CA-17,2.96,4.8,1.9,9.8,72.2,21.7,0.1
California 18,CA-18,3.29,5.2,4.4,8.3,70,26.6,0.2
California 19,CA-19,2.95,6.6,5.1,4.5,61.9,28.9,0.3
California 20,CA-20,3.6,4.1,4.5,10.5,74.8,22.2,0.1
California 21,CA-21,3.25,6.2,7.1,5.9,67,28.5,0
California 22,CA-22,2.83,8.2,7,4.5,77.6,18.1,0
California 23,CA-23,2.96,5.3,2.7,8.1,75.9,16.9,0
California 24,CA-24,2.86,4.6,2.5,3.7,83.5,13.5,0.1
California 25,CA-25,3.27,7.5,5.7,1.8,83,12.9,0.5
California 26,CA-26,3,3.2,2.4,6.6,81.9,16.8,0
California 27,CA-27,3.01,1.7,1.5,6.9,71.7,23.5,0
California 28,CA-28,3.12,0.5,1.2,9.6,64.1,26.7,0.1
California 29,CA-29,2.73,0.1,1.1,23,73.7,23.4,0
California 30,CA-30,2.22,1,1.1,15.3,73.8,24.4,0.1
California 31,CA-31,3.2,0.2,1.4,38.2,67.2,23.5,0
California 32,CA-32,3.73,2.3,0.9,8.1,69,23.2,0.1
California 33,CA-33,2.56,0.1,0.7,35.5,66.4,27,0.1
California 34,CA-34,3.58,2.1,1.3,21.7,56.9,24,0
California 35,CA-35,3.21,0.8,1.4,15.6,67.9,21.4,0
California 36,CA-36,2.56,1.3,1.6,10.2,70.8,24.2,0.1
California 37,CA-37,3.46,2.9,1,17.5,67.6,25.5,0.1
California 38,CA-38,3.8,2.5,0.9,7.9,69,20,0
California 39,CA-39,3.65,1.3,0.3,8.9,65.8,24.1,0.1
California 40,CA-40,3.12,3.1,1.3,2.6,75.5,20.8,0
California 41,CA-41,2.93,8.4,6.5,4.8,83.1,13.9,0
California 42,CA-42,3.1,2.1,1.8,1.6,85.4,13.3,0
California 43,CA-43,3.92,4.8,2.8,5.5,74.8,19.2,0
California 44,CA-44,3.39,3.2,6.7,3,81.2,16.2,0
California 45,CA-45,3.02,10.9,8.7,1.3,78.8,18.6,0
California 46,CA-46,2.62,3,1.2,3.7,75.2,20.8,0
California 47,CA-47,4.22,5.3,0.8,5.9,60.9,20.7,0.1
California 48,CA-48,2.65,2.5,3.4,1.9,73.3,24.1,0
California 49,CA-49,3.09,7.1,6.6,1.4,73.7,22.2,0.2
California 50,CA-50,2.81,3.6,4.4,1.1,72.1,24.7,0.1
California 51,CA-51,3.36,6.5,4.9,2.7,58,37.7,0.1
California 52,CA-52,2.79,5.8,2.8,2.1,65,29.9,0.1
California 53,CA-53,2.29,0.7,2.5,13.2,57.6,33.2,0
Colorado 1,CO-01,2.37,0.6,2.9,22.4,78,20,0.1
Colorado 2,CO-02,2.62,4.6,3.1,3.3,81,16.9,0.2
Colorado 3,CO-03,2.49,10.7,3.3,14.2,76.1,14.9,0.3
Colorado 4,CO-04,2.53,6.2,4.6,10.8,84,13.7,0.2
Colorado 5,CO-05,2.57,6.2,5.8,7.4,82.2,14.3,0.2
Colorado 6,CO-06,2.73,0.7,7,1.6,85.5,12.8,0.1
Colorado 7,CO-07,2.49,2.7,3.9,2.5,83.1,15.9,0.1
Connecticut 1,CT-01,2.47,0.6,1.6,24.1,46.5,13.2,38.4
Connecticut 2,CT-02,2.53,1.9,2.8,23.3,16.2,15,63.9
Connecticut 3,CT-03,2.49,0.7,1.1,27,40.5,13.4,44.3
Connecticut 4,CT-04,2.68,0.1,1.6,22.2,38,14,47.2
Connecticut 5,CT-05,2.58,0.4,1.6,23.9,27.2,17.9,51.9
Delaware At Large,DE-00,2.58,10.2,5.4,9.7,50.7,28.2,19.3
District of Columbia,,2.23,0,2.4,34,64.6,30.1,3.9
Florida 1,FL-01,2.55,10.8,5,2.6,23.9,74.9,0.2
Florida 2,FL-02,2.36,17.8,5.4,2.8,16.4,81.8,0.6
Florida 3,FL-03,2.59,9.1,3.7,5.1,7.4,90.4,1.2
Florida 4,FL-04,2.57,13.1,5.9,3.9,6.6,91.5,0.8
Florida 5,FL-05,2.53,26.2,8.8,1.3,7.6,91.3,0.2
Florida 6,FL-06,2.5,16.8,9.4,1.8,12.4,86.2,0.3
Florida 7,FL-07,2.56,8.7,6.4,1.9,5.7,92.8,0.7
Florida 8,FL-08,2.6,8.7,5.9,2.5,6.1,92.6,0.3
Florida 9,FL-09,2.53,9.7,3.2,0.8,5.7,93.6,0.2
Florida 10,FL-10,2.19,10.5,1.3,3.1,4.6,94,0.7
Florida 11,FL-11,2.45,4.4,3.7,6.4,3,95.9,0.3
Florida 12,FL-12,2.59,18.8,7.6,2.5,4.8,93.9,0.3
Florida 13,FL-13,2.31,13.7,5,1.6,4.5,94.2,0.2
Florida 14,FL-14,2.37,9.3,6.6,0.5,2.2,96.5,0.1
Florida 15,FL-15,2.45,10.2,7.1,1,7.4,91.4,0.2
Florida 16,FL-16,2.52,14.4,6.8,0.7,3.1,95.4,0.1
Florida 17,FL-17,2.96,2.5,1.9,3.2,3.1,90.2,0.1
Florida 18,FL-18,2.45,2.9,3.5,7.9,2.3,90.7,0.1
Florida 19,FL-19,2.39,3.5,2.9,0.4,1.8,95.4,0.1
Florida 20,FL-20,2.38,3.4,2.3,1.3,3,93.4,0.1
Florida 21,FL-21,2.94,2,2,0.7,N,N,N
Florida 22,FL-22,2.3,2.2,2.4,1.5,2.6,94,0.3
Florida 23,FL-23,2.89,2.9,2.8,1.7,2.5,93.8,0.1
Florida 24,FL-24,2.59,8.4,6.5,1.2,6.3,92.4,0.4
Florida 25,FL-25,3.31,3.2,4.6,0.3,N,N,N
Georgia 1,GA-01,2.64,21.1,6.2,5.2,17,81.5,0.3
Georgia 2,GA-02,2.53,17.5,2.8,8.1,31.8,66.2,0.4
Georgia 3,GA-03,2.76,7.3,7.8,5.9,56.4,41.8,0.2
Georgia 4,GA-04,2.78,0.9,4.2,1.5,N,N,N
Georgia 5,GA-05,2.4,0.4,5.2,11.6,N,N,N
Georgia 6,GA-06,2.77,0.9,6,0.8,78.2,21.1,0
Georgia 7,GA-07,3.04,3.8,6.8,1.6,66.1,32.8,0.1
Georgia 8,GA-08,2.66,16,4.4,7.1,32,66.3,0.2
Georgia 9,GA-09,2.72,15.2,7.7,3.8,41.7,54.4,0.9
Georgia 10,GA-10,2.6,16.9,3.3,6.9,40.5,56.1,0.7
Georgia 11,GA-11,2.74,8.5,4.5,5,62.3,36.1,0.1
Georgia 12,GA-12,2.67,18.7,4.7,11.2,30.4,67.7,0.3
Georgia 13,GA-13,2.88,2.4,7.9,0.7,65.9,33.4,0.1
Hawaii 1,HI-01,2.79,0,2.2,3.9,3.5,48.1,0
Hawaii 2,HI-02,2.95,0.3,3.4,4.1,3.6,24.8,0.1
Idaho 1,ID-01,2.6,9.5,9.2,7.8,57.4,28.9,3.1
Idaho 2,ID-02,2.67,9,5.1,10.8,53.5,38.3,2.6
Illinois 1,IL-01,2.76,0.6,0.9,34.5,90.8,7.9,0.3
Illinois 2,IL-02,2.79,1.7,1,21.3,91,8.6,0
Illinois 3,IL-03,2.9,1.6,1.6,24.5,93,6.5,0.1
Illinois 4,IL-04,3.19,0.2,1.7,64.1,96.6,3,0
Illinois 5,IL-05,2.52,0.3,2.4,44.3,90.3,8.4,0.1
Illinois 6,IL-06,2.74,0.6,2.1,5.2,88.2,11.2,0
Illinois 7,IL-07,2.41,0.2,3.7,36.5,78.1,20.1,0.3
Illinois 8,IL-08,2.81,1.6,5.4,5.8,89.9,9.6,0
Illinois 9,IL-09,2.37,0.2,1.5,30.6,85.3,12.9,0.3
Illinois 10,IL-10,2.75,0.7,1.7,10.7,88.8,10.6,0.2
Illinois 11,IL-11,2.75,4.4,5.9,18.8,88.4,10.1,0.3
Illinois 12,IL-12,2.42,8.2,3.5,18.6,65.8,32.3,0.4
Illinois 13,IL-13,2.84,0.1,3.8,3.8,N,N,N
Illinois 14,IL-14,2.93,0.8,7.6,16.9,90.1,9.1,0.3
Illinois 15,IL-15,2.33,5.2,3.6,22.8,76.4,21.4,0.5
Illinois 16,IL-16,2.69,2.2,3.6,20.3,87.6,10,0.8
Illinois 17,IL-17,2.3,5.3,1.1,28.5,81.9,15.7,0.4
Illinois 18,IL-18,2.35,3.8,2.7,23.3,80,18.3,0.2
Illinois 19,IL-19,2.41,10.2,3.3,19.3,76.1,20.4,0.6
Indiana 1,IN-01,2.61,2.8,4,16,91.9,6.8,0.4
Indiana 2,IN-02,2.53,5.6,2.2,22.4,87,9.8,0.8
Indiana 3,IN-03,2.57,6.7,3.6,20.5,80.9,13.8,1.1
Indiana 4,IN-04,2.54,5.2,5.9,13.6,66.1,30.3,1.4
Indiana 5,IN-05,2.57,3.6,5.7,13.8,66.7,30.7,1.2
Indiana 6,IN-06,2.48,6.1,2.5,25.7,65.9,27,2.9
Indiana 7,IN-07,2.35,1.5,2.2,22.3,68,30.5,0.3
Indiana 8,IN-08,2.38,7.8,2.6,24.9,63.9,31.2,1.9
Indiana 9,IN-09,2.42,10.6,3.2,14.4,53.6,39.6,1.9
Iowa 1,IA-01,2.4,3.8,2.8,27.3,82,13.1,1.9
Iowa 2,IA-02,2.39,6.1,3.7,25,80.5,16,0.2
Iowa 3,IA-03,2.43,3.1,4.9,23.5,78.8,17.7,0.6
Iowa 4,IA-04,2.35,3.6,3.8,32.4,80.4,14.4,1.5
Iowa 5,IA-05,2.34,4.2,1.9,34,75.4,19.8,1.3
Kansas 1,KS-01,2.41,7.9,1.8,28.1,82.3,14.1,0.2
Kansas 2,KS-02,2.42,6.3,3.2,23,76.5,19.6,0.2
Kansas 3,KS-03,2.53,1.2,3.9,8,79.6,19.6,0
Kansas 4,KS-04,2.43,5.5,3.2,16.4,77.2,20.9,0.2
Kentucky 1,KY-01,2.44,16.1,2.6,11.4,46.6,48.1,1
Kentucky 2,KY-02,2.5,13.2,4.8,7.3,46.5,49.1,1
Kentucky 3,KY-03,2.37,1,2.6,16.6,74.8,24.1,0.3
Kentucky 4,KY-04,2.51,10.2,4.1,16.3,52.2,40.7,3
Kentucky 5,KY-05,2.58,29.5,2.1,8.3,23.4,67.3,3
Kentucky 6,KY-06,2.39,6.2,5.5,9.8,43.1,54,1
Louisiana 1,LA-01,2.53,7.3,4.9,5.2,41.9,57.3,0.1
Louisiana 2,LA-02,3.34,1.8,1.9,23.9,N,N,N
Louisiana 3,LA-03,2.78,19.3,5.2,5.3,N,N,N
Louisiana 4,LA-04,2.51,18,3.9,4.3,48.7,49.1,0.1
Louisiana 5,LA-05,2.57,16,3.6,6.2,44,53.5,0.1
Louisiana 6,LA-06,2.53,11.7,5.5,3.9,36.2,62.5,0.1
Louisiana 7,LA-07,2.55,15.8,5.5,6.3,37.3,62.1,0.2
Maine 1,ME-01,2.36,6.4,2.6,27.2,13.5,4.9,74.5
Maine 2,ME-02,2.36,11.7,2,29.1,5.9,4.2,75.8
Maryland 1,MD-01,2.56,4.4,3.9,9.9,32.3,43.7,20.6
Maryland 2,MD-02,2.55,1.9,3.3,8.4,55,34.5,9.2
Maryland 3,MD-03,2.47,0.8,3.2,18.6,56.4,33.5,9.4
Maryland 4,MD-04,2.78,0.3,2.9,3.6,57.2,36.7,5.4
Maryland 5,MD-05,2.75,2.3,4.2,5.2,37.3,45,15.5
Maryland 6,MD-06,2.62,2.7,3.8,17.7,29.7,42,22.6
Maryland 7,MD-07,2.62,0.3,2,25.6,58.4,30,10.1
Maryland 8,MD-08,2.67,0.1,1.9,5.9,62.6,32.7,4.3
Massachusetts 1,MA-01,2.42,1.9,1.8,34,30.2,12.2,50.2
Massachusetts 2,MA-02,2.56,0.9,1.8,31.5,39.7,14.9,42.6
Massachusetts 3,MA-03,2.52,1,2.1,30.8,50.1,14.2,33.9
Massachusetts 4,MA-04,2.58,1.3,1.8,37.7,55.5,9.5,33.2
Massachusetts 5,MA-05,2.71,0.6,2.7,29.4,63.7,9.2,25.9
Massachusetts 6,MA-06,2.58,0.8,1.5,35.2,45.9,10.8,42
Massachusetts 7,MA-07,2.5,0.2,1.4,43.2,50.8,13.2,35.3
Massachusetts 8,MA-08,2.43,0.1,1.5,59.2,56.9,24.1,17.5
Massachusetts 9,MA-09,2.6,0.5,1.6,37.8,53.3,11.5,34.3
Massachusetts 10,MA-10,2.45,1.2,1.7,19.4,50.3,12.2,35.8
Michigan 1,MI-01,2.34,8.9,1.6,18.8,75.6,7.1,5.1
Michigan 2,MI-02,2.57,11,2.8,15,84.9,5.3,3
Michigan 3,MI-03,2.65,4.8,2.7,20.6,89.7,5.1,2.1
Michigan 4,MI-04,2.46,10.4,2.6,13.5,82,6.9,3.6
Michigan 5,MI-05,2.5,6,1.9,18.1,83.3,13.1,1.5
Michigan 6,MI-06,2.51,6.6,2.7,17.8,80.1,10.2,4.9
Michigan 7,MI-07,2.56,7.2,2.2,23.9,84.4,6.9,3.6
Michigan 8,MI-08,2.55,5.6,3.3,13.6,86.6,7.4,3
Michigan 9,MI-09,2.46,1.3,1.6,9.2,93.1,5.9,0.3
Michigan 10,MI-10,2.64,7.2,3.5,9.9,88.4,5.9,2.5
Michigan 11,MI-11,2.65,4.2,3.2,4,92.9,5.6,0.3
Michigan 12,MI-12,2.38,1.2,0.6,6.6,93.1,6.1,0.2
Michigan 13,MI-13,2.85,0.4,0.8,39.5,91.7,7.1,0.1
Michigan 14,MI-14,2.85,0.3,0.5,23.5,93.3,5.4,0.3
Michigan 15,MI-15,2.53,5.9,2.6,10.4,91.1,7.2,0.5
Minnesota 1,MN-01,2.39,4.2,3.2,25.2,79.7,11.6,3.4
Minnesota 2,MN-02,2.69,2.5,4.4,9.1,87.8,8.8,1.1
Minnesota 3,MN-03,2.54,0.3,2.4,4.1,89,9.3,0.6
Minnesota 4,MN-04,2.38,1.5,2,24.1,84.5,12.9,0.8
Minnesota 5,MN-05,2.17,0.4,2.1,34.6,84.2,13.5,0.6
Minnesota 6,MN-06,2.7,4,7.1,7.9,81.5,12.7,2.2
Minnesota 7,MN-07,2.29,7,3.2,22.8,58.5,25.5,9.2
Minnesota 8,MN-08,2.27,7.7,2.9,18.5,63.5,15.4,10.7
Mississippi 1,MS-01,2.59,14.9,4.3,5.7,57.6,39.4,0.2
Mississippi 2,MS-02,2.65,11.5,3.2,6.9,61.6,37,0.1
Mississippi 3,MS-03,2.55,18.2,4.3,6.7,48,49.6,0.1
Mississippi 4,MS-04,2.59,15.7,7.5,4.5,26.8,71.4,0.1
Missouri 1,MO-01,2.42,0.4,1.4,22.9,79.9,19.5,0.1
Missouri 2,MO-02,2.57,3,4.4,3.4,76.9,22.2,0.2
Missouri 3,MO-03,2.4,4.1,2.3,32.7,70.7,27.2,0.2
Missouri 4,MO-04,2.51,11.3,4.3,13.1,52,39.3,0.3
Missouri 5,MO-05,2.38,1.1,2.9,21.8,81.1,18.3,0.1
Missouri 6,MO-06,2.53,4.8,4.1,15.9,71,26,0.3
Missouri 7,MO-07,2.45,8.8,5.3,10.5,60.4,34.3,0.1
Missouri 8,MO-08,2.45,14.9,3.2,11.7,46,43,0.6
Missouri 9,MO-09,2.47,10.7,5,13.9,53.8,38.8,0.8
Montana At Large,MT-00,2.5,11.8,3.5,16.4,70.2,19,1.8
Nebraska 1,NE-01,2.48,3.2,4.3,22.4,68.8,26.9,1.1
Nebraska 2,NE-02,2.5,1,4.4,15.6,83.7,15.3,0.3
Nebraska 3,NE-03,2.39,7.2,1.4,31.9,67.1,27,1.1
Nevada 1,NV-01,2.79,2.9,6.8,0.2,56.8,42.8,0
Nevada 2,NV-02,2.7,12.4,5.5,3.6,70.4,22.2,3.1
Nevada 3,NV-03,2.61,3.1,11,0.2,69.7,29.9,0
New Hampshire 1,NH-01,2.54,5.7,2.7,19.8,33.4,8.3,53.4
New Hampshire 2,NH-02,2.52,6.2,2.5,24.5,31.9,5.8,51.5
New Jersey 1,NJ-01,2.64,1.7,2.3,18.3,75.5,11.5,12.2
New Jersey 2,NJ-02,2.56,3.4,3.3,15.5,64.4,13.4,20.4
New Jersey 3,NJ-03,2.58,1.5,2.4,6.3,76.8,12.5,9.6
New Jersey 4,NJ-04,2.71,1.7,3.3,12.3,73.4,14.3,11.4
New Jersey 5,NJ-05,2.81,0.6,1.3,19.9,69.9,6.4,22.3
New Jersey 6,NJ-06,2.7,0.6,1.9,19.1,81.8,10.1,7.5
New Jersey 7,NJ-07,2.84,0.3,1.4,14.7,77.1,7,15.2
New Jersey 8,NJ-08,2.93,0.2,0.8,26.3,84.1,4.9,10.3
New Jersey 9,NJ-09,2.54,0.4,1.3,30,77.3,10.1,12
New Jersey 10,NJ-10,2.75,0.2,1.6,27.2,72.8,10,16.3
New Jersey 11,NJ-11,2.71,0.3,1.9,14,66.5,7.2,25.3
New Jersey 12,NJ-12,2.68,0.9,3.1,11.8,79.3,10.8,9.2
New Jersey 13,NJ-13,2.58,0.3,3.1,35.5,74.7,14.3,10.2
New Mexico 1,NM-01,2.44,8.1,4.1,3.7,85.6,11.6,0.1
New Mexico 2,NM-02,2.71,22.7,3.9,6.2,74.4,18.9,0.1
New Mexico 3,NM-03,2.74,18.8,3.7,6.9,77.1,10.9,0.1
New York 1,NY-01,2.99,1.4,2.1,8.3,27.9,6.3,64.7
New York 2,NY-02,3.28,0.6,0.9,9.2,41.3,5.1,53.1
New York 4,NY-04,3.22,0.1,0.5,26.5,48.9,3.5,47
New York 5,NY-05,2.95,0.1,1,22.7,62.3,6.1,31
New York 6,NY-06,3.3,0,1.2,32.9,70.4,4.1,23.8
New York 7,NY-07,2.79,0.2,1,34.9,50.2,5,43.2
New York 8,NY-08,2.2,0,1.8,52.5,45.8,15.7,33.9
New York 9,NY-09,2.68,0,0.9,32.2,70.2,4.3,24.2
New York 10,NY-10,2.96,0.1,1.9,43.1,76.8,5.2,16.2
New York 11,NY-11,2.71,0.2,0.7,61.3,65.9,5.1,27.4
New York 12,NY-12,2.85,0.1,1.6,63.4,65.2,7.3,24.5
New York 13,NY-13,2.81,0.3,0.9,33.7,84.6,2.7,12.1
New York 14,NY-14,1.94,0,1.1,35.5,37,16.9,39.4
New York 15,NY-15,2.55,0,1.1,55,27.8,10.6,58.6
New York 16,NY-16,2.98,0.1,2.4,44.6,21.7,6.2,70.1
New York 17,NY-17,2.82,0.1,1.1,29.8,47.4,6.1,45.4
New York 18,NY-18,2.75,0.1,1.4,32,58.9,5.5,34.9
New York 19,NY-19,2.85,2.4,2.1,17.6,34.1,12.5,50.9
New York 20,NY-20,2.47,9.4,2.2,27.1,36.5,10.8,45.1
New York 21,NY-21,2.37,2.6,1.5,39.4,68.7,11.8,16.5
New York 22,NY-22,2.46,5,2,31.4,48.1,11.7,35.2
New York 23,NY-23,2.43,13.6,1.9,33.9,36.4,13.1,37.3
New York 24,NY-24,2.42,10.6,1.4,38,54.6,11.3,24.8
New York 25,NY-25,2.41,2.1,1.8,25.9,77.3,12.9,6.4
New York 26,NY-26,2.47,3.8,2,25,80,9.2,6.5
New York 27,NY-27,2.29,3.3,0.9,38.2,88.2,6.3,1.5
New York 28,NY-28,2.31,1.4,0.7,49,85.9,8.5,4.3
New York 29,NY-29,2.49,8.7,1.8,28.7,70.1,12.3,8.6
New York 3,NY-03,2.91,0.2,0.4,14,38.4,5.3,55.9
North Carolina 1,NC-01,2.38,18.4,3,10.3,39.5,52.6,5.6
North Carolina 2,NC-02,2.72,19.4,7,4.9,29.6,66.7,2.1
North Carolina 3,NC-03,2.4,19.2,5.8,3.8,24.2,72.3,1.8
North Carolina 4,NC-04,2.5,3.7,8.1,4.2,48.2,49.5,1
North Carolina 5,NC-05,2.45,17.6,3,6.8,22.4,56.9,16.2
North Carolina 6,NC-06,2.53,15.3,5,5.3,35.7,55.8,5.8
North Carolina 7,NC-07,2.5,23.6,4.3,4.7,22,74,2.6
North Carolina 8,NC-08,2.57,13,4.8,6.1,38.2,54.7,5.5
North Carolina 9,NC-09,2.54,3.6,8.4,3.1,58.2,39.5,1.4
North Carolina 10,NC-10,2.54,19.2,4,7.3,24.9,59.5,11.6
North Carolina 11,NC-11,2.26,19.1,3.2,8.5,25.3,48.4,18.3
North Carolina 12,NC-12,2.47,4.8,5.4,6.8,41.3,51.5,5.7
North Carolina 13,NC-13,2.48,9.7,6.5,6.7,43.9,51.4,3
North Dakota At Large,ND-00,2.24,7,3.7,17.9,57.5,33.8,5.3
Ohio 1,OH-01,2.57,1.1,1.3,30,71.3,24.4,2.7
Ohio 2,OH-02,2.57,6.2,3.4,15.4,57.6,34.6,5.2
Ohio 3,OH-03,2.43,2.3,2.1,15.8,66.9,28.1,2.9
Ohio 4,OH-04,2.48,5.8,2.2,26.6,68.1,22.3,4.4
Ohio 5,OH-05,2.47,7.3,2.3,29.8,72.4,19.2,3.1
Ohio 6,OH-06,2.4,11,1.8,22.3,62.2,25.3,7.1
Ohio 7,OH-07,2.58,4.4,3.6,16.5,71.4,22.8,3.7
Ohio 8,OH-08,2.56,2.8,3.1,18.2,63,29.8,5
Ohio 9,OH-09,2.43,3.6,2,26.9,81.3,15.7,1.1
Ohio 10,OH-10,2.33,0.9,0.8,29.8,89.7,8.8,0.3
Ohio 11,OH-11,2.3,0.6,0.5,40.3,86.5,11.9,0.3
Ohio 12,OH-12,2.48,1.2,5,10.8,76.2,21.4,1.6
Ohio 13,OH-13,2.49,1,2.9,16.3,86.5,11.7,0.8
Ohio 14,OH-14,2.58,2.7,2.5,13.6,79.3,11.3,5.7
Ohio 15,OH-15,2.44,1.2,2.4,14.9,75.6,22.6,0.9
Ohio 16,OH-16,2.54,3.5,2.6,21.6,77.4,14.5,4.2
Ohio 17,OH-17,2.32,3.8,1.6,23.2,83.9,11.3,2.9
Ohio 18,OH-18,2.6,12.9,2.8,27.2,60.5,26,5.8
Oklahoma 1,OK-01,2.45,3.6,4.6,6.1,73.1,26.2,0.1
Oklahoma 2,OK-02,2.53,17.6,3.1,9,55.7,35.3,0.1
Oklahoma 3,OK-03,2.52,11.8,3,14.3,69.5,26.6,0.1
Oklahoma 4,OK-04,2.55,8.5,5.1,6.7,62,36.2,0.2
Oklahoma 5,OK-05,2.49,3.5,3.6,9.8,68.7,30.5,0
Oregon 1,OR-01,2.59,4.3,5.2,9.8,49.4,44,2.2
Oregon 2,OR-02,2.46,15,5.3,11,38.7,45.6,4.3
Oregon 3,OR-03,2.54,3.1,3.6,24.4,50.3,39,7.2
Oregon 4,OR-04,2.42,13,4.1,8.4,21.4,63.2,1.9
Oregon 5,OR-05,2.57,7,3.7,9.1,45.2,45.8,2.3
Pennsylvania 1,PA-01,2.54,0.3,0.9,45.9,77.9,13.3,8.5
Pennsylvania 2,PA-02,2.23,0.2,1.5,43,76.7,14.2,8.2
Pennsylvania 3,PA-03,2.44,8.8,1.8,28.7,74.6,10.7,8.4
Pennsylvania 4,PA-04,2.42,3.9,2,20.9,78.7,12.3,6.9
Pennsylvania 5,PA-05,2.37,10.8,1.7,30.9,48.7,15.8,23.6
Pennsylvania 6,PA-06,2.55,1.6,3.5,22.2,46.3,22.9,28.6
Pennsylvania 7,PA-07,2.54,0.4,2,18.2,59.3,16.7,23
Pennsylvania 8,PA-08,2.66,1.9,2,8.9,45.5,22.4,30.9
Pennsylvania 9,PA-09,2.47,11.8,2.2,28.6,30.5,22.4,34.4
Pennsylvania 10,PA-10,2.38,8.1,2.1,31.3,31.4,23.1,33.6
Pennsylvania 11,PA-11,2.39,3.4,1.6,37,41.7,24.9,27.6
Pennsylvania 12,PA-12,2.33,8.2,1,33.9,60.9,12.6,20.6
Pennsylvania 13,PA-13,2.51,0.4,1.1,15.9,70.9,14.5,13.8
Pennsylvania 14,PA-14,2.14,0.3,0.5,44,87.6,10.3,0.8
Pennsylvania 15,PA-15,2.55,2.4,4.1,25.1,32.3,31.2,33.7
Pennsylvania 16,PA-16,2.65,3.9,4,24.3,37,30.3,27.8
Pennsylvania 17,PA-17,2.43,4.4,2.6,28.7,26,25.3,40.7
Pennsylvania 18,PA-18,2.36,3.2,1.8,18.3,77.4,12.7,7.7
Pennsylvania 19,PA-19,2.46,5.7,4.1,19.2,50.1,23.4,21.5
Rhode Island 1,RI-01,2.49,0.9,1.1,40.3,53.6,8,36.8
Rhode Island 2,RI-02,2.59,1.2,1.7,28.8,48.8,8.4,40.4
South Carolina 1,SC-01,2.53,12.3,7.7,2.8,15.4,83.3,0.5
South Carolina 2,SC-02,2.49,14.8,6.6,3.2,29.5,68.8,0.7
South Carolina 3,SC-03,2.48,21.6,3.8,6.9,37,57,2.6
South Carolina 4,SC-04,2.52,12.9,4.9,6.8,42,52.5,4.1
South Carolina 5,SC-05,2.65,23.2,5,7.6,37.8,56.6,3.9
South Carolina 6,SC-06,2.63,25.8,3.4,7.4,25.2,71.7,1.8
South Dakota At Large,SD-00,2.42,9,4.1,21.3,66.6,25.6,3.8
Tennessee 1,TN-01,2.41,17.3,3.9,8.2,18.3,75.4,2.3
Tennessee 2,TN-02,2.39,10.3,5.5,5.6,35.4,61.9,0.9
Tennessee 3,TN-03,2.47,12.6,4.4,8.3,31.7,64.5,0.8
Tennessee 4,TN-04,2.52,17.5,4,7.6,41.8,52.5,0.9
Tennessee 5,TN-05,2.38,2.3,5.3,6.8,37.4,61.8,0.3
Tennessee 6,TN-06,2.59,11.4,7.4,6.1,35.7,61.7,0.3
Tennessee 7,TN-07,2.68,7.2,7.8,2.6,56.9,41,0.4
Tennessee 8,TN-08,2.48,11.5,5,7.4,51.4,46.5,0.2
Tennessee 9,TN-09,2.49,0.7,2.3,9.3,62.7,36.8,0.2
Texas 1,TX-01,2.64,17.9,3.5,5.6,38.7,59.2,0.1
Texas 2,TX-02,2.71,5.8,7,3.4,55.4,44.2,0
Texas 3,TX-03,2.84,0.7,6.1,0.4,51,48.7,0
Texas 4,TX-04,2.78,11.3,8.1,6.7,44.7,53.1,0.1
Texas 5,TX-05,2.86,12.6,4.3,3.6,39.8,58.3,0
Texas 6,TX-06,2.88,7.1,6.8,3.3,33.9,65.1,0
Texas 7,TX-07,2.39,0.8,4.1,3.3,N,N,N
Texas 8,TX-08,2.73,19.9,9.3,2.2,39.6,59,0
Texas 9,TX-09,2.97,0.8,4.8,0.6,N,N,N
Texas 10,TX-10,2.81,6.1,11.1,2.7,55.5,43.7,0
Texas 11,TX-11,2.6,12,2.7,8.7,47.7,50.2,0.4
Texas 12,TX-12,2.84,6.1,7.8,6.6,37.8,61.2,0.1
Texas 13,TX-13,2.54,8.9,2.5,11.7,65.7,32.5,0.8
Texas 14,TX-14,2.74,9.4,6.7,6,47.9,51,0.1
Texas 15,TX-15,3.18,15.4,7.6,4.2,20.6,75.1,0.4
Texas 16,TX-16,3.04,5,5.3,7,88,11.6,0.1
Texas 17,TX-17,2.75,13.1,5.2,4.8,35.6,63.2,0.2
Texas 18,TX-18,2.74,2,5.2,7.4,50.2,49.3,0.1
Texas 19,TX-19,2.47,8.1,2.9,8.1,57.6,41.2,0.4
Texas 20,TX-20,2.86,1.6,4.7,9.1,N,N,N
Texas 21,TX-21,2.66,5.5,8.8,3.4,N,N,N
Texas 22,TX-22,3.05,4.1,9.3,1,56.4,43.3,0
Texas 23,TX-23,3.12,11.6,8.9,6,36.5,61.1,0.7
Texas 24,TX-24,2.68,1.5,5.2,0.4,N,N,N
Texas 25,TX-25,2.6,8.1,6.7,4.7,42.8,56.2,0.1
Texas 26,TX-26,2.96,4.2,9.6,3.5,47.2,52.3,0.1
Texas 27,TX-27,2.98,7.4,6,3.6,27.5,71.2,0.1
Texas 28,TX-28,3.4,15.1,8.7,3.9,16.7,79.7,0.3
Texas 29,TX-29,3.31,6.1,4.6,4.5,N,N,N
Texas 30,TX-30,2.85,2.2,5.4,7.2,N,N,N
Texas 31,TX-31,2.9,6.9,9.5,3.4,37.9,61.2,0.2
Texas 32,TX-32,2.66,0.6,2.7,5.2,N,N,N
Utah 1,UT-01,3.06,4,5.8,10.4,91.4,7.5,0.1
Utah 2,UT-02,2.89,5.6,6.1,8.3,83.7,13.3,0.2
Utah 3,UT-03,3.54,3.4,7,6.3,91.6,7,0.3
Vermont At Large,VT-00,2.4,6.9,1.8,29.4,28.7,3.9,53.2
Virginia 1,VA-01,2.6,5.6,5.6,5.7,36,53.2,7.7
Virginia 2,VA-02,2.61,2.5,3.1,4.9,38,54.5,6.8
Virginia 3,VA-03,2.5,1.6,2.6,17.6,43,47.6,7.7
Virginia 4,VA-04,2.65,6.2,4.7,6.8,35.2,55.1,7
Virginia 5,VA-05,2.37,15.9,2.7,10.7,22.3,57.1,13.8
Virginia 6,VA-06,2.32,5.6,2.8,16,33.9,47.1,12.5
Virginia 7,VA-07,2.5,2.5,5.6,5.9,32.5,53.8,10.4
Virginia 8,VA-08,2.35,0.3,2.6,6,58.1,38.7,2.4
Virginia 9,VA-09,2.35,20.6,2.3,11.7,12.4,65.2,13.9
Virginia 10,VA-10,2.8,1.4,6.5,5.5,55.9,35.7,5.8
Virginia 11,VA-11,2.88,0.5,5.3,0.9,64,32.5,3.1
Washington 1,WA-01,2.46,3.7,4.6,2.9,49.1,45.4,2.6
Washington 2,WA-02,2.54,9.2,5.4,10.3,45.4,44.6,1.7
Washington 3,WA-03,2.64,8.7,5,9.3,28.7,61.8,1.3
Washington 4,WA-04,2.85,15.6,5.1,9.3,18.9,74.7,1.9
Washington 5,WA-05,2.49,8.7,3.8,17.6,45.6,41.8,4.2
Washington 6,WA-06,2.41,7.2,3,15.4,26.8,62.6,3
Washington 7,WA-07,2.11,0.5,3.3,29.9,40.7,47.6,9.7
Washington 8,WA-08,2.68,5.5,6.4,2.7,55.9,38.8,1.7
Washington 9,WA-09,2.5,6.4,5.1,4.9,41.6,52.6,2.6
West Virginia 1,WV-01,2.35,9.9,2.3,23.8,68.6,20.6,3.8
West Virginia 2,WV-02,2.39,14.4,2.8,13.1,40.1,47.5,4.5
West Virginia 3,WV-03,2.33,17.6,1.8,18,37.4,51,3.1
Wisconsin 1,WI-01,2.56,2,3,15.9,84.2,11.9,2
Wisconsin 2,WI-02,2.44,1.8,4.5,16.9,76.5,17.5,2.8
Wisconsin 3,WI-03,2.44,7.5,4,23.4,68.4,13.9,7.6
Wisconsin 4,WI-04,2.54,0.4,0.9,41.8,85.3,10.5,2.8
Wisconsin 5,WI-05,2.46,0.9,2.6,15.3,81.3,13.3,3.8
Wisconsin 6,WI-06,2.4,4.4,2.5,25.8,77.8,11.9,4.6
Wisconsin 7,WI-07,2.28,6.9,3,20.8,70.2,11.3,6.4
Wisconsin 8,WI-08,2.35,5.6,3.1,17.5,76.9,10.8,4.7
Wyoming At Large,WY-00,2.48,14,3.6,12.5,73.5,19.2,0.5
